<assembly xmlns="http://maven.apache.org/plugins/maven-assembly-plugin/assembly/1.1.2" 
          xmlns:xsi="http://www.w3.org/2001/XMLSchema-instance"
          xsi:schemaLocation="http://maven.apache.org/plugins/maven-assembly-plugin/assembly/1.1.2 http://maven.apache.org/xsd/assembly-1.1.2.xsd">
  <id>dist-assembly</id>
  
  <formats>
    <format>tar.gz</format>
  </formats>
  
  <includeBaseDirectory>false</includeBaseDirectory>
  <includeSiteDirectory>false</includeSiteDirectory>
  <baseDirectory></baseDirectory>
  
  <fileSets>
    <fileSet>
      <directory>${project.basedir}/../app-1/bin</directory>
      <outputDirectory>/</outputDirectory>
      <includes>
        <include>app-1-${project.version}</include>
        <include>app-1-${project.version}.exe</include>
      </includes>
    </fileSet>
    <fileSet>
      <directory>${project.basedir}/../app-2/bin</directory>
      <outputDirectory>/</outputDirectory>
      <includes>
        <include>app-2-${project.version}</include>
        <include>app-2-${project.version}.exe</include>
      </includes>
    </fileSet>
  </fileSets>
  
</assembly>